path,bytes,sha256
.gitignore,268,856169eac10674c99aa2556569a2dc3df7750ccb79cc390f570d85b32a24248e
.nojekyll,0,e3b0c44298fc1c149afbf4c8996fb92427ae41e4649b934ca495991b7852b855
index.html,14477,610a64e1dd666aade5b091304122754eeccc66eaf8835e432b2ae945b69e5925
README.md,2238,c556a47b129c867396722d91e578854eb7e4310158fe0347c3c0f0eee3a97f25
years/2026/assets/public/apple-touch-icon.png,32457,622ccbb9d0fcfef92a9b61e34899e0805ea3d0c6190821159ceeee052f641c89
years/2026/assets/public/favicon-32.png,2249,4912ea9bbf124b73d316791b91aa469b74cbbf59108f716d60aba29d60255ba9
years/2026/assets/public/og-image.png,126740,012b84df0dc44676deabe72ebd7fa4e80f99ce9c4df047110abea3e8e2a49617
years/2026/assets/public/README.md,1078,b2a6d503ee0d0414bd1a1aff31da234674c24fab30dad33889e3ed56f164cffa
years/2026/assets/public/site-icon-512.png,136300,a9da7c2b768862d7bfd2f980f59c0ca16f2d8b6559d6f5cec8a5b4e9f09a2243
years/2026/assets/public/yeonhui-yoga-week-banner.png,194911,ec340e2e620508de368d11502b2add67c19ec5dce19814089765e09b3dea05e3
years/2026/assets/public/yeonhui-yoga-week-ci.png,385775,1eabd2911de799eabdd16749f6a6f7f78188be26c2f7a01346ab2f6aaa864365
years/2026/data/external/README.md,289,6f0e9c7e017c4f7bc73112451baf6aab502a8563ec55b800074ffe5640816e82
years/2026/data/external/studio_locations_public.csv,6169,cb22aa7008470ffd942afda309bf32b98ca5a583e0a4ce0fdeeb64bf84c6395a
years/2026/data/processed/analysis/public/capacity_reference_comparison.csv,51354,75d03192b1756922ad51266d33df8369ab3fd6a362dbb8b9faab8fac218ff4db
years/2026/data/processed/analysis/public/class_capacity_hype_metrics.csv,58070,9aac511e59287645b614594234fc3ba7771bf576ad003c26986ca7b7f34352f5
years/2026/data/processed/analysis/public/class_hype_gis.csv,63256,e3f2fb066418f1e0436db0d14b87dd423ab0acba173ccaf1597a8a1d1d7e8304
years/2026/data/processed/analysis/public/class_hype_metrics.csv,34501,012912090c0389ddd293539026b1e9e72ac72169c3fe4a0affa3c03c74934261
years/2026/data/processed/analysis/public/class_location_evidence_public.csv,21874,569c970350e154322187d877b9bcb4c3bb041e74361196a940056e9756e3d076
years/2026/data/processed/analysis/public/class_schedule_gis.csv,161104,c271ee5b37a556fbbe915bbbae8c8d5043a7f40c686f6637d47caf7b501d1648
years/2026/data/processed/analysis/public/event_location_catalog_gis.csv,5085,f6e695a1c59104d1eb160936228165f337a1af0ad02855e307199ab88440a5f0
years/2026/data/processed/analysis/public/event_location_catalog_gis.geojson,12432,0fb689c263e43ba9b454edbe8737a31a940d0a572d74aff43d2fff886d390de0
years/2026/data/processed/analysis/public/fnb_partner_brands_gis.geojson,8670,c9cb8d1b181cabe511e61831f11a99017fd9a618953a5b2625a20e2c2abb413e
years/2026/data/processed/analysis/public/fnb_partner_brands_public.csv,6391,a9d5b44b4adaa16f4c02b750745523e7049827d4f7152bd8048df66b238f0e10
years/2026/data/processed/analysis/public/google_drive_archive_analysis_opportunity_matrix.csv,1877,b4189bc5a102241440206d0789f3bb0a6b9c00d7f2e5ab01afad9caca12b41e7
years/2026/data/processed/analysis/public/google_drive_archive_area_summary.csv,1003,4d4a453cea15db6ba3df84c43bff1bd734d3f6e550dcb5814bf7956e3143f915
years/2026/data/processed/analysis/public/google_drive_archive_asset_type_summary.csv,715,6d37639e95cfdcd360e5f315f34237a1c87506d16f40b9f2fd1bb10a18f0a38d
years/2026/data/processed/analysis/public/google_drive_program_capacity_reference.csv,63465,e3df94307f438eb2a7f9394bb52957a2c99ad9b723b379642b2bc8fefd1418b4
years/2026/data/processed/analysis/public/location_distance_matrix.csv,54652,10f528f0eafee857ed8afc7e111d3cec4a3b76d08cebafd6a7e09e4f0a789f88
years/2026/data/processed/analysis/public/location_mobility_role_metrics.csv,4173,8d99cb994cad12e943f6fe4b40f7b90e541f5130bf5797a7475ff622eb26a367
years/2026/data/processed/analysis/public/location_nodes.csv,3999,e8a289e809856b9ff9bb6b1a5d21547533e655bc25eea3ced8d0bbbc40cd34ff
years/2026/data/processed/analysis/public/location_transition_feasibility_public.csv,10502,971d5bd1b18eb9e6e641f459a80d7b98d9e87f1de034f1bb3a40b6e9bdb3398d
years/2026/data/processed/analysis/public/notion_shared_communication_theme_summary_public.csv,1780,07b6126847a441fcdc39a5c1a9020d0b348f3109343deddd7964f9b4906ccb3c
years/2026/data/processed/analysis/public/notion_shared_page_summary_public.csv,826,0c6daa2aa8de278c30e4b81b97a384858289da7356bbab296a3430a23888d0e8
years/2026/data/processed/analysis/public/obud_pass_package_inference_summary.csv,402,7f33bb9ef808785d3d8e6c9da0fe8f27074e9c5c25d356593ebfa56241f36551
years/2026/data/processed/analysis/public/obud_pass_settlement_table.csv,521,3fcb9ceb685882d5a1072971f7f4d7ae4e7af3fd1f1b964870a622a00b563567
years/2026/data/processed/analysis/public/obud_settlement_basis_by_class.csv,52825,d7b0ef51f21810a5ef3fe1316d8b93416275476844916791c7e9419dc394c941
years/2026/data/processed/analysis/public/obud_settlement_basis_by_owner_month.csv,7278,baf9286d89716b48936b6fa4e68e35775be6872f43bb72f8631a3fece4cc6bee
years/2026/data/processed/analysis/public/obud_settlement_rules.csv,604,c4d34f172cf6e228b5749dfefcb78a7580cea17e91997441dce850bbb00eded5
years/2026/data/processed/analysis/public/onstudio_calendar_capacity_reference.csv,68300,ed56d2b5dc749954e511209d7cd921a63fbee18c5db9bd1d28cc800f55409b7b
years/2026/data/processed/analysis/public/sponsor_asset_inventory_public.csv,1493,b052743c1ae1033fb488f0d62db7ba9dfeae60b0f31ffd5babe80d4e649481bb
years/2026/data/processed/analysis/public/studio_capacity_hype_metrics.csv,1815,948af38fd7ed41c0531bb85de2e638167ade7e59dc9ca96cbd3b1a6cdc80b412
years/2026/data/processed/analysis/public/studio_hype_gis.csv,7558,46e0283ed346d1aabfbea75f4b5c0461c1f78606dc0d4b9f5a9e3a9ada41ae0b
years/2026/data/processed/analysis/public/studio_hype_gis.geojson,26059,625171dbb2b932d5b7bd9025276dcebdc57869d72966f6da3b15fb00a07e0686
years/2026/data/processed/analysis/public/studio_hype_metrics.csv,4278,6fa28a84a381853de02b1a1585ddce27fb46aa0d48f9832208273fecdc0dad49
years/2026/data/processed/analysis/public/ticket_price_reference.csv,266,ab2484a37a3ab48bd98c684950d2195e9f74889d89f3de840b1d3a10a0fc508d
years/2026/data/processed/analysis/public/transition_feasibility_public.csv,87972,d1edc1c0107becee7d7cff4521060addf729fa00648428e725ccb14e8b54b0f9
years/2026/data/processed/analysis/public/yeonhui_yoga_week_naver_blog_body_deep_features_public.csv,10301,d6d10530672693dd4a48766214b46a5d05abddd802fecdcdeea41e41eb6d3fcc
years/2026/data/processed/analysis/public/yeonhui_yoga_week_naver_blog_body_post_type_summary.csv,510,c8e659c0962a3f0e432c13d2479e34b26e4fdd94357f0ffb779d2bc91707a7a1
years/2026/data/processed/analysis/public/yeonhui_yoga_week_naver_blog_body_quality_summary.csv,1295,39268e7bd86cd04351cae67d260c2c268258febf63d27b4c50587a027dafa2d9
years/2026/data/processed/analysis/public/yeonhui_yoga_week_naver_blog_body_studio_summary.csv,387,a5ff6be0b38477a73fa2463fd9adbe462e377d9457b6191b5c406f7e93eabc67
years/2026/data/processed/analysis/public/yeonhui_yoga_week_naver_blog_body_theme_summary.csv,293,65fb09e8abb411d466255ea818bc04cad2ec17d7f6aa08fb596b71ec4234323f
years/2026/data/processed/analysis/public/yeonhui_yoga_week_viral_mentions_public.csv,51665,110538412935abcfed88d1ced4528aa6f02c926d516b14048ac212215c02e31e
years/2026/data/processed/analysis/public/yeonhui_yoga_week_viral_overall_summary.csv,352,a678bd43579eb380cece8c63f8250f7ac6fa7a5e6429a1a8d58ee52544b928c8
years/2026/data/processed/analysis/public/yeonhui_yoga_week_viral_platform_metrics.csv,397,a34ceeb29e0d2a5512badcb8d8283dfae86aae694ab39764bdebaf1ef3f5b2a5
years/2026/data/processed/analysis/public/yeonhui_yoga_week_viral_platform_summary.csv,160,d781a5089eed2ab592e172511d240568fe5cd45da7ede07d86cf8c984b231fdf
years/2026/data/processed/analysis/public/yeonhui_yoga_week_viral_studio_metrics.csv,2690,788625879238444a8c92a320939aa004cff26a994ee14faf400fec665e16f687
years/2026/data/processed/analysis/public/yeonhui_yoga_week_viral_studio_summary.csv,460,b8f14bffce84f6a40d96c13a78e77425c0bfd68a7d8dca13047f2eba1f063e9f
years/2026/data/processed/analysis/public/yeonhui_yoga_week_viral_unmatched_mentions_public.csv,13881,6082484e33ba667b9180ce88ec259bd7584128d743cd7dbe512f3589bfae12c4
years/2026/data/processed/obud_reviews/public/obud_reviews_deidentified.csv,86618,edd6246fd67febcfec6c10f438ec2f7634a89426d152501652ec37ff4fede76e
years/2026/data/processed/onstudio/public/onstudio_cancel_2026_yeonhui_yoga_week_deidentified.csv,435879,ff09a917552daecda4d78fddc6aa06538940e4305b6a305c691203979fae052f
years/2026/data/processed/onstudio/public/onstudio_classes_2026_yeonhui_yoga_week.csv,188439,e6e45cbe7d986923f30633994c25fc181907bb05bcd47e1d3737374f3977ee5b
years/2026/data/processed/onstudio/public/onstudio_reservation_2026_yeonhui_yoga_week_deidentified.csv,626793,d631ca0edd1f9111db56880456ecd072c4fe7d2f12c7031ede04fe12824a721f
years/2026/docs/analysis-tool-stack-briefing.md,6045,ff582cbb4522f5bcc5fdbd7f4e99b18a3f0aa5ee64ed2c518fecd246c803fdfb
years/2026/docs/data-access-consent-and-collection-plan.md,7095,f1b6edecedb71d03ce2e212cbf580845fd901de46268801335708f02428269fc
years/2026/docs/external-web-viral-collection-plan.md,9192,818bbb02cb5fdc3beee6170151ccf2fee43d14c4cf8bee4b265a27195a15aa8d
years/2026/docs/full-reanalysis-work-log.md,6109,311080bd37f4a42c03b726e329edb3dd6b6bd6399e5c7dd7deec3163ffaa4780
years/2026/docs/gis-method-references.md,7002,6eb15594cb03efde833324fdbe391ff50fc7b287a0c639dd4ff6064a82f9b061
years/2026/docs/google-drive-archive-analysis-methodology.md,4714,99235deedb6c731040e13522897ba5f4d1c7222abbfc722eb4963fd19c7f9f30
years/2026/docs/google-drive-source-collection-governance.md,7097,3535bcb77f790d817f5166f365006dfcc08e53654ebfc68babec58b1a9284b1d
years/2026/docs/obud-review-ocr-matching-plan.md,4459,3afef4a988de1e2097b239c354b4b2fc0009513d4d61aca8ac8002fa7bf9ad61
years/2026/docs/obud-settlement-work-log.md,5699,378b1465804811cbb447a85ad289b94dd906f339211a6b119361213978cbe1d0
years/2026/docs/project-current-status.md,13514,7b51f8a48aa0b27ce2d0349597e02f637234cc8565db2ed2e3df5d7f6e3abfdc
years/2026/docs/project-operating-standards.md,10700,19553f50cde2b2f5b0bbbc270410dfc55a1833a0b499ef412e4b5c98e469457a
years/2026/docs/public-github-release-audit.md,3311,68ce0ec3c966d665e60c7acd8ef89eb601ae0aac88986621fed6784748c017ea
years/2026/docs/public-release-quality-audit-2026-05-17.md,6187,44f8dd049eb3e7af641970f644ff75687def5ddcd22c49d1a673a932b52b25a2
years/2026/docs/public-site-navigation-and-map-popup-work-log-2026-05-17.md,2847,bb74f436f062637446ecd6a93aca4e21c00eb94ab71c1937aa7f46f275e79585
years/2026/docs/public-site-readability-polish-2026-05-17.md,4219,7dfc8dfb0ce0828fcca5505acfa676cc1879d5defb2c320412d4f589e6fab6b4
years/2026/docs/stakeholder-report-work-log.md,13036,787676a8d19d7b3dae5a30f420e07bada9d92a003aa87f698d4e9c2d062c79cb
years/2026/README.md,13725,0b1758b02b54b67bc6072d0f94edd4e482ae9379add48da9b3698122e6b1c7dc
years/2026/references/name_canonicalization_registry.csv,1157,e6675e0d8062ef8d5766b110f2a7d0a70668548b83dfb18fb15b2ae9fde7c520
years/2026/references/obud-settlement-rules.md,1859,ab3bcb4e719e0df01a505068af68b0611c2106528bc505675db637a14c679ea0
years/2026/references/README.md,394,0c9f861996470006f6552508b14f5ec572b4e0794e9237211c75c553eb9b1e9f
years/2026/reports/analysis/capacity_hype_analysis_report.md,3821,272cebe19cf223d68dad77a9a7e5963396836f38855ebd9db5712f78e41c5aac
years/2026/reports/analysis/gis_analysis_report.md,5094,8f5c434a8cc84eea6c2ec09c771ecd67bb7e398f77daa26f34d93baa996fe474
years/2026/reports/analysis/gis_deep_analysis_report.md,8888,dafc3a34e76869ebae325055cdae2d218c37bbe0821628622b5b879cdf43448a
years/2026/reports/analysis/gis_distance_matrix_report.md,2603,3d856a368bb4f7630b07eb8ca202792fad409be4414ac6b7f416d87db7ed6ddf
years/2026/reports/analysis/gis_geocoding_report.md,942,59f1822e3c532c17c5b5e81f16fbf00f2e279c3634c6907eaf02e6349dce4247
years/2026/reports/analysis/methodology_and_data_lineage.html,30816,7c151f721adbf468e4d9bdc169715242635815ae3ed7f797991309c163b9a5b3
years/2026/reports/analysis/methodology_and_data_lineage.md,19704,eb88cca1064eaa372b31ca4ee66736611b66ac9df797a3cab3b32b9d9d1ef176
years/2026/reports/analysis/obud_settlement_analysis_report.md,3903,1f3a7e3b759bc8489956a7fe93124dedb606685b567c39937f2bd754bd56255e
years/2026/reports/analysis/yeonhui_yoga_week_analysis_report.md,4385,6c605fa3ded1843c2bad13f8595df1c2513d21b8a300c8636ef870993aa1c485
years/2026/reports/analysis/yeonhui_yoga_week_gis_map.html,39584,6548e7acd1dbf7279d39e770ef8ce222492dbac0aee4e322931faaefd7005569
years/2026/reports/analysis/yeonhui_yoga_week_space_time_cube.html,679937,e65068e82946a44d3f4e73d1b8f0d4710004572dcbb651a0998b4e805bd74662
years/2026/reports/analysis/yeonhui_yoga_week_time_slider_map.html,188175,e509587842c10ca922f13976a3e2c5e8ead3e4cd400a07927b1285f0b1533cb6
years/2026/reports/analysis/yeonhui_yoga_week_transition_map.html,158839,02cf4f7d0d7fd65f167ba321d85c436f8e61121a9411626a9e65f1b96b145fe6
years/2026/reports/external_web/naver_blog_body_collection_report.md,880,9b66c2550a69f10a9004f127276752a11204d07eb496700915c5a281142af895
years/2026/reports/external_web/naver_blog_body_deep_feature_report.md,3745,cb36b2ce8b42799feb62a6bce13c772d56220914a2c836c527e7756ecbf23716
years/2026/reports/external_web/naver_blog_body_feature_report.md,1734,b8b504d660fbcd05cbb3a1038e0964720e7795b8762738d753c3e25aa523356b
years/2026/reports/external_web/naver_blog_collection_report.md,3111,4c3ca36e95586da1d816610be1ad3e33dba2dd0197654b42ac601f1b4d17b238
years/2026/reports/external_web/viral_mentions_review_queue_report.md,854,ade370dde8ee648023e4828ffb9e8bbed0f28b0028b90758610e6da9c5ebf23b
years/2026/reports/external_web/yeonhui_yoga_week_mention_filter_report.md,1911,5d84032ded879f7af724c65ed85b6666448beeda36c713155f614c614c8de2c5
years/2026/reports/external_web/yeonhui_yoga_week_viral_analysis_report.md,2605,cf59eb54ce2c8ddf2c42fa41053c6577eab0108f5f87a1a86ab9d21574da6bc2
years/2026/reports/external_web/youtube_collection_report.md,2165,e4508dbb620bf1ed47d8253b36b4c1111efcbdb8b40d454493f5fda2f6f2e937
years/2026/reports/google_drive/fnb_sponsor_gis_analysis_report.md,2466,a77631b252e67316aa75579cb217db0a2964c3bae80f75b98bbd944adbf9c030
years/2026/reports/google_drive/google_drive_archive_analysis_report.md,3550,cfebd1bfcaba76cbef8daac391e32655fe644e9581faf943f1b1359fad1f8be0
years/2026/reports/google_drive/rightnow_yogi_collection_report.md,4769,047fa3d15a1f95a709a1dbd8321f08e0a13eecf0446befb86ec4bd27eaab256d
years/2026/reports/google_drive/rightnow_yogi_full_archive_report.md,2182,42018b39354af4998cd64bfee4c0ea051dedda9e578f4c7a2262ee1a7c493a14
years/2026/reports/notion/notion_shared_communication_materials_review.md,2248,33335d7c88b39b36779e9f2b347b9977a779a748d3ea08f9beaa906895684a47
years/2026/reports/obud_reviews/gemini_review_execution_log.md,2530,11272b5ad8178ae2b25095fe6c7eab73ae1f20ab9d22b965d57c96192892f27e
years/2026/reports/obud_reviews/google_vision_ocr_report.md,2097,40c1103bb262a0437b3dcc27ca96d9cff5abe6469042caf96b6ca6c131dd4ac3
years/2026/reports/obud_reviews/obud_review_ai_quality_check_report.md,1272,d66541017a4efddf8c85407aa9dfdb135d518abae795853e604d9a6d28e4ca9a
years/2026/reports/obud_reviews/obud_review_class_matching_report.md,1068,abbc1c34b4884e42fa01df891ea16a48dc51e3a241f36388a4555f7cbf90eceb
years/2026/reports/obud_reviews/obud_review_parsing_report.md,840,39ffe412fc91e71d0b5d617c62feed031467fc78608a72ab7144b6cb04035946
years/2026/reports/onstudio/onstudio_calendar_capacity_comparison_report.md,10037,b39d4addc20fa41210da1ceb623bc7e52708c536cdf970340665d45a598f7751
years/2026/reports/onstudio/onstudio_manual_supplement_2026-05-09.md,1933,6caa836a48497b05df1db3f1b69df4b57afe55650ce20a10baa14aaeb00ce844
years/2026/reports/onstudio/onstudio_preprocessing_report.md,1352,4c6f558a62cf2614f077d033eabcce57516e264e2023bbc2bbefcdb9a66d599f
years/2026/reports/onstudio/onstudio_reservation_cancel_deidentification_report.md,1784,9e18e65a84a68003d50f12181f057bd43bb47f98c56b4d47967afaebc5a4f8ad
years/2026/reports/README.md,486,e57179209c07aad0e14c454b874fe39b64e9a0801c3d9f0ed9646e86b0342fa2
years/2026/reports/setup/package-installation-log.md,2518,b632d89d348cf381bbf63b50e19cf3445eb1358f7612754ab6e42aaedbb0a65c
years/2026/reports/stakeholders/yeonhui_yoga_week_integrated_stakeholder_report.html,43752,c283744eb44c851e69905ced7bcd2f52c0fd1965a4f864703e2665a62d338038
years/2026/reports/stakeholders/yeonhui_yoga_week_integrated_stakeholder_report.md,28343,d800a2be9033bf6bccfcc1e2bd0c8064fcbcce164e04c4e2ec6186512f7643ff
years/2026/requirements.txt,408,7eb49071ebfb99ed1329dfaea22373367c2167224a3cf1b48440dd7d856eefaa
years/2026/scripts/ai_review_quality_check.py,22067,7cee97a17dfd9800c1e8560890f5763b0acbf2b5155313d04b766a8e3f647749
years/2026/scripts/build_analysis_tables.py,31514,d7c19754fc56b02fec48700bd44572e6f546b2c375b0bd0eb94cdcfd4a6ef708
years/2026/scripts/build_capacity_hype_analysis.py,14233,df16b15f277ecd05769c7a99d44c69b3976c8de16c0400870c9b2e7044bc4a8a
years/2026/scripts/build_drive_archive_analysis.py,10574,ceb4da9bc1373381de10447e1475c1dd48ff5bb9437d8d11d798fdc713161d0c
years/2026/scripts/build_fnb_sponsor_gis_analysis.py,15220,87f23b284b891b0101ebe1be477a327196f8f439dd96cb57479f6d6fc2a8ad54
years/2026/scripts/build_gis_deep_report.py,58784,cd5b38a48a4ecda5dd8dcdd4e3636c6787c63965e240db27117905f1fafc82c1
years/2026/scripts/build_gis_distance_matrix.py,11127,1df87b08f8d9eab63dbe9c3a7ba9e7be4472696c3aadcf3fe242edcf4a3facdb
years/2026/scripts/build_gis_schedule_flows.py,35570,504079b9dfd9091ec560113daf49d9dbc5923352c08e45842073046257418549
years/2026/scripts/build_gis_tables.py,25661,e9ba128e37526d336487b97c40c3edfa1d4c92883b7526f376025c8744740fa2
years/2026/scripts/build_integrated_stakeholder_report.py,43610,1e1d8242cf9c17092143e6afde7f11d82cf622deba4e0ccb61be9eeef4e3ed6b
years/2026/scripts/build_naver_blog_body_deep_features.py,17281,26c8ed75778a4873cda9fa664b1122ef50f9df373f5e70e5cc4d9eccdd853725
years/2026/scripts/build_naver_blog_body_features.py,11579,7f42119ad3de5db1ad228a8e16aad92e1daaa8f626c3f43057f61ae6b1db9601
years/2026/scripts/build_obud_google_ocr_raw_table.py,2083,370f61ace10bfd6209f1bd5cc1db27b888df2cb051c0493360bfc9bd3c7339f7
years/2026/scripts/build_obud_settlement_analysis.py,27528,be0e101ba98786799db95806faf1d381f86d3c75d6bb3b8c998c31f4dd6d4845
years/2026/scripts/build_public_duckdb.py,6890,448b8da222f9635384ac12bf3b3b0a9b1504cb850082995823091ea7fc038988
years/2026/scripts/build_viral_mentions_review_queue.py,10810,e69e828bf52fc0c38bc19f85a7355a4c54a94839b7a80da78230deab5ced9bd9
years/2026/scripts/build_viral_metrics.py,12048,314d98d61e685b6248352c1a7427935bdafd77b7976d5f6a01c59054c774db61
years/2026/scripts/collect_naver_blog_bodies.py,8428,9703e29a00029ca57871919993f4e4e7bf934190360673e88396ce480402da11
years/2026/scripts/collect_naver_blog_mentions.py,9279,77772576756fefe5e5c6cf10ea3441229fd872497a716feaf6337105cb199178
years/2026/scripts/collect_youtube_mentions.py,17946,de221a983cb5e9446ffdc67916efab6dde40990540338751b6aab93d4d7bcddf
years/2026/scripts/compare_capacity_references.py,10647,e445c5e527606c39da816a15e05fad1ebf44fa9baa32c4a0915727f0f1c528d1
years/2026/scripts/deidentify_reservation_cancel.py,9767,bf9dd4debc9c35429e6ecb0689d97da3a4be010d49968a4f6dcae70916afcb50
years/2026/scripts/extract_google_drive_program_capacity_reference.py,5838,be7be1e9c89498ae7f301a3bccc212138ffb6831eb2fca1f7b392182d800da0c
years/2026/scripts/filter_yeonhui_yoga_week_mentions.py,14028,e2ae28f1de57bd37e456f23a0d4e5ba5e824a7dadd18eed6c26d49cbfc5c33f4
years/2026/scripts/geocode_studio_locations_arcgis.py,6728,d8c469b55d16e832619e8180013d9c8869b3c528e3dc9a06a520d8de5d497c30
years/2026/scripts/match_review_classes.py,13027,056278a8e5009392313d453e29b00c11185163c01de3c677417e2daa627001dd
years/2026/scripts/ocr_obud_reviews_google_vision.py,7619,bcc76a1b577835c7778af7094d4517502e7fc459981ac4ea13cd7a0e6b7e64ba
years/2026/scripts/parse_obud_reviews.py,7513,129cb7e2069d9381282ad3e2f888d813c4519fd2097dd9d3de4529ff6fd89c6b
years/2026/scripts/parse_onstudio_calendar_capacity.py,6029,fadf35d70246386d8939bb8d7d55b257de01f7aa7e545972060ee4e0df6d6b8b
years/2026/scripts/preprocess_onstudio.py,17119,dd7d3acf6b92200538f074250957b062148f6f716124f364b761dabf364563e2
years/2026/scripts/README.md,9676,7627d867d68f0cbe77d6d8b6857e4788b95efcc78ea6269f292febf9d051df2a
years/2026/scripts/review_processing_utils.py,11140,29af8322c82ed02328e2196c7398955656aae0b3e25b549aedc7e91aa493b4b2
years/2026/scripts/validate_public_release.py,17520,7335b3bb98c2a9f19f9265101c9ce2b0ea3f481d305d1d07729843e9e0ad9556
years/README.md,492,556906b54d8ad0e54b2fb64988a64ff94050331189c4cb40d7633e1bd76aec12
